method,brier_before,brier_after,train_auc
isotonic,0.0760207026829506,0.016145833333333335,0.9037117198604472
